key,commonly_attributed_claim,what_the_paper_says,verdict
searle1980,Searle argues that machines cannot think,"'Only a machine could think, and indeed only very special kinds of machines' (p. 424); he rejects only the sufficiency of running a program (B 1)",does-not-hold
searle1980,Searle rules out silicon minds,'I offer no a priori proof that a system of integrated circuit chips couldn't have intentionality. That is ... an empirical question' (p. 453) (B 1),does-not-hold
searle1980,Searle opposes artificial intelligence research,"'I am all in favor of weak AI, at least as a research program' (p. 453); the target is strong AI's claim that the program is the explanation (B 1)",does-not-hold
searle1980,Searle concedes nothing to the replacement arguments,Author's Response: 'if the stimulation of the causes is at a low enough level to reproduce the causes ... the simulation will reproduce the effects' (pp. 452-453) (B notes 4),does-not-hold
dennett1988,Dennett denies that conscious experience exists,"'Since I don't deny the reality of conscious experience, I grant that conscious experience has properties'; what is denied is that any property is ineffable, intrinsic, private or directly apprehensible (G 1)",does-not-hold
dennett1988,Quining Qualia replies to the fading and dancing qualia arguments,"It predates Chalmers 1995 by seven years and does not cite him; the two meet at one premise about introspection, stated independently in the opposite time order (G 1)",misattributed
dennett1988,Quining Qualia answers the anti-functionalist literature generally,"Block's liberalism/chauvinism dilemma and the input-output problem are untouched, and Searle 1980 is not in the bibliography at all; the target is one premise family (G notes 5)",does-not-hold
dennett1988,Dennett concludes that a functional duplicate does have qualia,"He does not claim the wine-tasting machine has qualia; the conclusion withholds the affirmative verdict as much as the negative, and 'no qualia at all' is flagged as tactical (G 1, endnote 2)",does-not-hold
dennett1988,Dennett and the replacement arguments disagree about whether subjects are in error,His conclusion is that there is no determinate fact; Cuda's step 2 and Chalmers's Joe are built against a systematic-error hypothesis. Whether they reach the no-fact case is addressed by no reviewed work (G notes 3),disputed
aru2023,Aru et al. deny that machines could be conscious,"Three explicit disclaimers: not only mammalian brains, not only living systems, not impossible in software; the claim is about present systems and specificity (C 4)",does-not-hold
piccinini2010,Piccinini is an anti-triviality theorist answering Putnam and Searle,"He calls their problem 'not very serious' (p. 281) because their mappings are anomalous, and raises a different surviving problem about bona fide descriptions (A2 notes 1)",misattributed
block1978,Blockhead is an argument against computational functionalism,The list-searcher is offered against a reply to Block's own argument - 'this is just crude behaviorism' (pp. 281-282) - not against functionalism itself (A1 notes 5),partly
block1978,Block refutes functionalism,'I do not claim that this is a conclusive argument against functionalism ... it is best construed as a burden-of-proof argument' (p. 296) (A1 3),partly
tononi2015,"Doerig et al.'s gloss: on IIT, recurrent systems are always conscious","IIT requires a maximum of integrated information, not merely positive Phi (albantakis2023, p. 10); the unfolding construction respects maximality, so gloss and construction come apart (D notes 3)",partly
chalmers1994cfc,Chalmers established that the right computation is metaphysically sufficient for a mind,"A footnote added in 2011 restricts computational sufficiency and organizational invariance to nomological necessity, leaving zombies metaphysically possible (A2 5 s. 2.8)",partly
chalmers1995qualia,The fading and dancing qualia arguments prove that functional duplicates are conscious,"Section 5 states the conclusion is empirical (natural) impossibility only, and that the position is compatible with property dualism about experience (B 3)",partly
cuda1985,Cuda established that functional organisation suffices for consciousness,He establishes sufficiency only at circuit functional equivalence and says so; what he claims more broadly is to disqualify material as a ground of objection (B 2),partly
blockfodor1972,Block and Fodor concluded against a computational theory of mind,"'It may be both true and important that organisms are probabilistic automata'; the target is the machine-table level, and computational states are offered as the repair (A1 1)",does-not-hold
tononi2015,Integrated information theory is carbon chauvinism,"Endnote 15: 'there is no reason why hardware-level, neuromorphic models ... could not approximate, one day, our level of consciousness' (D 1, D notes 7)",does-not-hold
schwitzgebel2015,Schwitzgebel and Garza run the Cuda-Chalmers replacement argument,n. 5 (ms. p. 11): they assume consciousness is preserved and argue something ethical; Cuda and Chalmers try to establish the preservation (E 1 s. 2.3),does-not-hold
chalmers2023llm,"Chalmers and Birch agree about language models, as their joint report shows",They disagree: Birch says of a chatbot conversation that 'no one is there' (p. 13) while Chalmers holds a live credence; co-authorship is not corroboration (E notes 4-5),does-not-hold
butlin2023,The report found no obvious barriers to building conscious AI systems,A title-page footnote records that this sentence was revised: satisfying the indicators 'would not mean that such an AI system would definitely be conscious' (D 6),partly
sprevak2010,Sprevak cites Chalmers 1996 as the solution to universal realization,He cites it to show how cheaply the counterfactual requirement is met given a clock and a dial (PDF p. 10 n. 9) - a reading of Chalmers's own concession (A2 notes 4),misattributed
fodor1974,Fodor argued that the autonomous psychological level is computational,He argues only that psychology does not reduce; the step from irreducible to computational is taken by others (A1 2),does-not-hold
seth2025,Seth refutes computational functionalism,"'The arguments so far do not disprove computational functionalism. But they do render it less plausible, and less appealing' (section 3.6) (C 5)",partly
cleeremans2022,Consciousness Matters is an anti-functionalist paper,"It argues that consciousness has a function, and its anti-epiphenomenalism runs through multiple realizability (List's realization insensitivity) (C notes 2)",does-not-hold
kleiner2021,Kleiner and Hoel restate the unfolding argument,"Self-described 'generalization and correction'; its second horn hits the functionalist theories that the unfolding argument exempts (D 5, D notes 5)",does-not-hold
graziano2017,The attention schema theory explains subjective experience,'The theory emphatically does not explain how we have a subjective experience. It explains how a machine claims to have a subjective experience' (p. 5) (D 3),does-not-hold
dehaene2017,"Dehaene, Lau and Kouider answer the question of experience",The experiential question is declared beyond scope (p. 492); what is offered instead is a covariation observation about blindsight (D 2),does-not-hold
piccinini2013,Piccinini and Bahar refute computationalism,They defend generic computationalism and reject only its digital and analog species; neural computation is sui generis (A2 6),does-not-hold
mollo2023vector,The Vector Grounding Problem paper shows that language models understand language,"The scope restriction is stated twice: not about understanding, knowledge, linguistic acts, or mental properties; grounding is a floor, not a ceiling (E 4)",does-not-hold
shagrir2006,Shagrir argues that the brain is not really a computer,He concedes that being a computer is perspectival while rescuing the empirical content of computational neuroscience; the restriction is on individuation (A2 2),partly
bostrom2003,Bostrom offers a fourth position on substrate independence,He imports it as an undefended premise and states its weakest useful form; his value here is as evidence about the thesis's status in 2003 (B notes 9),misattributed
shagrir2006,Marr's computational level shows that computation is individuated non-representationally,"Three reviewed papers read Marr incompatibly: Shagrir (correspondence), Sprevak reporting Egan (function-theoretic, collapsing into representational), Piccinini & Bahar (a fallacy) (A2 notes 2)",disputed
block1978,Block's 1972 and 1978 papers are two independent data points,"Block closes his own 1972 escape route in 1978 (n. 14, p. 300); the two should be presented as one developing position (A1 notes 2)",does-not-hold
doerig2019,The unfolding argument is a version of the philosophical zombie argument,"Section 2.5 distinguishes both scope (only causal-structure theories; it favours functionalism) and modality (a construction recipe, not a conceivability claim) (D 4)",does-not-hold
maudlin1989,"Maudlin argues against substrate independence, or that machines cannot be conscious",He grants that silicon and hydraulic brains may be conscious (p. 429) and that computational structure may be necessary (p. 431); only sufficiency dies (F 1),does-not-hold
maudlin1989,Olympia is a funny-instantiation argument like Block's Chinese Nation,"He rejects those intuitions outright - 'I cannot think of one reason to accord those intuitions any weight' (p. 414); Klein separates the two families (F 2, PDF p. 8)",does-not-hold
maudlin1989,Olympia is a triviality or exploding-implementation argument,"He presupposes, for argument's sake, that counterfactual restrictions do block explosions; the argument is best read as a dilemma (F 2, PDF p. 8)",misattributed
klein_maudlin,Klein refutes computationalism about consciousness,'I do not think Maudlin's argument succeeds' (PDF p. 7); he defends computationalism while narrowing it to architectures and actual processes (F 2),does-not-hold
butlin2023,The indicator list states necessary or sufficient conditions for consciousness,'Systems that have more of these features are better candidates ... We do not endorse these stronger claims' (p. 45) (D 6),does-not-hold
