label,year,community,why_relevant,cited_by
"Putnam 1967, Psychological Predicates (The Nature of Mental States)",1967,philosophy-of-mind,Named-only in the manifest. The founding statement both Block papers target and every later work inherits; two paginations are in play and neither is canonical here,blockfodor1972;block1978;piccinini2010;chalmers1994cfc;long2024welfare
"Bechtel & Mundale 1999, Multiple realizability revisited",1999,philosophy-of-mind,"Named-only in the manifest. The standard challenge to multiple realizability, which every reviewed work assumes; its absence leaves that premise unopposed in this corpus",piccinini2010;seth2025
"Searle 1990, Is the brain's mind a computer program?",1990,philosophy-of-mind,Named-only in the manifest. The compressed three-axiom restatement and the source of the wall-runs-WordStar claim that Chalmers 1996 answers,chalmers1996rock;sprevak2010
"Schneider 2019, Artificial You: AI and the Future of Your Mind",2019,philosophy-of-mind,"Named-only in the manifest. Source of the AI Consciousness Test that Chalmers, Birch, Butlin et al. and Long et al. all assess; leaves a 16-year gap after Bostrom 2003",chalmers2023llm;birch2024;butlin2023;long2024welfare;seth2025
"Thompson 2007, Mind in Life",2007,philosophy-of-mind,Named-only in the manifest. The hub cited by all three biological works for continuity between life and mind; the highest-value single addition to this corpus,godfreysmith2016;seth2018beast;seth2025
"Putnam 1988, Representation and Reality (appendix, pp. 120-25)",1988,philosophy-of-computation,"The universal-realization argument itself. Reconstructed here only from Chalmers 1996 section 2; the corpus contains its critics, not the source",chalmers1996rock;shagrir2006;piccinini2010;sprevak2010;mollo2018
"Searle 1992, The Rediscovery of the Mind",1992,philosophy-of-mind,"Contains the fading-qualia passage (pp. 66-67) that Chalmers 1995 quotes and answers, and the observer-relativity claims Shagrir contests",chalmers1995qualia;shagrir2006;chalmers1996rock
"Egan 1991-1995, the function-theoretic view of computational content",1995,philosophy-of-computation,"The non-semantic, purely mathematical account of Marr's computational level; the direct target of Sprevak's individuation argument",sprevak2010;piccinini2010;shagrir2006
"Marr 1982, Vision",1982,philosophy-of-computation,Read three incompatible ways inside this corpus; the disagreement about what Marr's computational level shows is itself part of the field's history,shagrir2006;sprevak2010;piccinini2013
"McCulloch & Pitts 1943, A logical calculus of the ideas immanent in nervous activity",1943,biology-and-neuroscience,"The origin of digital computationalism about the brain, and the source of the two assumptions Piccinini & Bahar show were never empirically supported",piccinini2010;piccinini2013;seth2025
"von Neumann 1951 and 1958, on neural nets and the computer-and-brain analogy",1958,philosophy-of-computation,"The route by which pancomputationalism entered the literature, and the source of the spike-rates-as-digits proposal reported as still unsolved",piccinini2010;piccinini2013
"Block 1981, Psychologism and Behaviorism (the giant lookup table)",1981,philosophy-of-mind,"The standalone Blockhead paper; the held 1978 reprint contains the list-searcher at pp. 281-282, but the argument's canonical home is not in this corpus",chalmers1996rock;chalmers1994cfc;milliere2024;schwitzgebel2015
"Shoemaker 1975 and 1982, Functionalism and Qualia; The Inverted Spectrum",1982,philosophy-of-mind,"The argument that absent qualia are logically impossible, and the inverted-spectrum statement Chalmers answers; both known here only through citing papers",block1978;cuda1985;chalmers1995qualia
"Lewis 1972 and Armstrong 1968, causal-role analyses of mental terms",1972,philosophy-of-mind,The platitude and causal-role machinery Chalmers leans on for psychological properties and Block attacks with paralytics and brains in bottles,block1978;chalmers1994cfc
"Haimovici 2013 and Dewhurst 2016, on mechanistic and physical-level individuation",2016,philosophy-of-computation,"The dilemma Coelho Mollo 2018 sets out to dissolve, and the physical-level proposal he rejects; both reconstructed only from that paper",mollo2018
"Piccinini 2008 and 2015, Computation without representation; Physical Computation",2015,philosophy-of-computation,The book-length mechanistic account and the anti-semantic paper; the held 2010 and 2013 papers are its sketch and its application,sprevak2010;mollo2018
"Oizumi, Albantakis & Tononi 2014, IIT 3.0",2014,consciousness-science,"The formal statement the unfolding argument actually attacks, and the source of the Phi-additivity rule its construction uses",doerig2019;kleiner2021;butlin2023;albantakis2023
"Lamme 2006 and 2010, recurrent processing theory",2010,consciousness-science,"The second causal-structure theory the unfolding argument targets, and the source of Butlin et al.'s RPT indicators; represented here only second-hand",doerig2019;butlin2023;chalmers2023llm
"Baars 1988 and Dehaene 2014, global workspace statements",2014,consciousness-science,The theory statements that several reviewed works actually cite when they say 'global workspace'; the held Dehaene et al. 2017 is a later and narrower paper,butlin2023;chalmers2023llm;shevlin2021;kleiner2021;aru2023
"Aaronson 2014 and Tononi 2014, the unconscious-expander exchange",2014,consciousness-science,Supplies the Phi-increasing devices that make Doerig et al.'s construction concrete; the exchange itself is not held,doerig2019
"Kleiner 2020; Tsuchiya, Andrillon & Haun 2019, replies to the unfolding argument",2020,consciousness-science,The published defences of causal-structure theories. Their absence is why the testability debate reads as one-sided in this corpus,kleiner2021
"Maturana & Varela 1980, Autopoiesis and Cognition",1980,biology-and-neuroscience,"The source of autopoiesis, the concept doing the heaviest lifting in Seth's positive case; known here only through Seth's summary",seth2025
"Hinton 2022 and Ororbia & Friston 2023, mortal computation",2023,AI-and-ML,"The argument against substrate flexibility from inside computationalism, which Seth says he finds the most provocative; not held",seth2025
"Barnett & Seth 2023; Rosas et al. 2024, causal and informational closure measures",2024,consciousness-science,The only proposal in the corpus that could measure how far a system's dynamics can be abstracted from its substrate; the measures themselves are not held,seth2025
"Cao 2022, generative entrenchment in evolved mental function",2022,philosophy-of-mind,One of the three plausibility arguments against neural replacement (nitric oxide diffusion; homeostatic spiking); reconstructed only from Seth 2025,seth2025
"Harnad 1990, The Symbol Grounding Problem",1990,philosophy-of-mind,"The problem the Vector Grounding Problem restates, and the bridge from the Chinese Room to the language-model debate",mollo2023vector;milliere2024;chalmers2023llm
"Bender & Koller 2020, Climbing towards NLU (the Octopus Test)",2020,AI-and-ML,The strongest case against grounding in text-trained systems; appears here only inside the papers that answer it,mollo2023vector;milliere2024;chalmers2023llm
"Metzinger 2021, a moratorium on synthetic phenomenology",2021,ethics-and-policy,"The most restrictive policy proposal in the debate; assessed by Birch, Butlin et al. and Seth but never stated in its own words here",birch2024;butlin2023;seth2025
"Birch 2024, The Edge of Sentience (the book)",2024,ethics-and-policy,"The corpus holds the published precis, not the book; claims about how the framework is argued cannot be checked from the precis alone",birch2024;long2024welfare
"Millière & Buckner, A Philosophical Introduction to Language Models, Part II",2024,AI-and-ML,"The companion paper reserved for interpretability methods and for consciousness, which Part I defers by design",milliere2024
"Chalmers 1996, The Conscious Mind",1996,philosophy-of-mind,"The book whose views the 2011 footnote to A Computational Foundation was added to square with; the footnote is why sufficiency there is nomological, not metaphysical",chalmers1994cfc;seth2025
"Barnes 1991; Klein 2008, 2012, 2013, 2015; Bishop 2009a,b; Bartlett 2012",2012,philosophy-of-computation,"The entire reply literature on Olympia, mapped by Klein but not held. Bartlett 2012 is described as the existing survey, 'albeit in a Maudlin-sympathetic way'",klein_maudlin
"Fekete & Edelman 2011, on whether inactive elements contribute to experience",2011,consciousness-science,"The named dissent from the premise that experience supervenes on what a brain actually does, aimed at integrated information theory; reported only via Klein",klein_maudlin
"Sprevak 2007 and Pylyshyn 1984, on program portability and architecture",2007,philosophy-of-computation,"The source of the claim that what programs a machine can run depends on its architecture - the hinge of Klein's reformulation, and cited by Butlin et al. on levels",klein_maudlin;butlin2023
Michel & Lau 2021; Wiese 2024; Shiller 2024; Arvan & Maley 2022,2024,philosophy-of-mind,"Recent restrictions on substrate flexibility - Swiss cheese, weak computational functionalism, constraints on parts, analog computation - all named but not held",butlin2023;seth2025;long2024welfare
