key,year,model_label,components,note
melzackwall1965,1965,Gate control,sensory;affective,Components named (p. 976) without a dimensional model; avoidance sits in the action system (D §1)
melzackcasey1968,1968,Tripartite model,sensory-discriminative;motivational-affective;cognitive-evaluative,"Named-only; content as described by D §1, G2 §4 and other citing reviews"
fernandezturk1992,1992,Separation and synthesis,sensory;affective,Named-only; talbot2019 adopted its requirements for testing separability (D §4)
price2000,2000,Parallel-serial model,sensation intensity;unpleasantness;secondary affect,"Serial chain with parallel arousal inputs; escape desire accompanies, no motivational dimension (D §2)"
craig2003,2003,Homeostatic emotion,sensation (insula);motivational drive (ACC),One homeostatic system with separate cortical substrates for feeling and drive (F §2)
klein2007,2007,Imperative theory of pain,negative imperative (primary affect);secondary affect,Pain's felt character exhausted by a command; fear and worry are secondary reactions (A §1)
leknestracey2008,2008,Common currency with pleasure,hedonic (suffering);motivational (avoidance),Named separately but hard to disentangle anatomically (D §3)
auvray2010,2010,Two aspects,sensory-discriminative;affective-motivational,Named-only; cited by flury2025 for dissociable components (H §2)
martinez2011,2010,Imperative content model,indicative sensory content;imperative affective content,Sensory side hallucinable and indicative; painfulness imperative (B1 §1)
cuttertye2011,2011,Tracking representationalism,bodily disturbance;badness for subject to a degree,Badness carried by a functional state defined by avoidance role (B1 §2)
bain2013,2012,Composite evaluativism,disturbance representation;evaluative layer,Asymbolia lacks the evaluative layer (B1 §3)
perini2013,2013,Action as constitutive,pain response;action impulse,Action impulses 'partly constitutive' of cortical pain processing (I §2)
klein2015,2015,Pure imperativism,command to protect (pain per se);unpleasantness (separate),Pain need not hurt; unpleasantness treated separately (B2 §2)
carruthers2018,2017,Evaluativism for all affect,sensory representation;valence (value),"For pain, the sensation is the object represented as bad (A §2)"
bh2019,2019,Reflexive imperativism,sensory indicator;reflexive command,Asymbolia = indicator without command; Ploner patient = command without indicator (A §3)
seymour2019,2019,RL control architecture,nociceptive sensing;internal reinforcement signal,Discriminative information preserved while affective components suppressed (G2 §4)
talbot2019,2019,Unitary lean,unitary sensory-unpleasant experience,Tested sensory-discriminative vs affective-motivational; concludes evidence favours unitary (D §4)
corder2019,2019,Reflexive vs affective-motivational behaviour,reflexive;affective-motivational,Operational split in mice; valence and motivation language mixed (G1 §3)
raja2020,2020,Revised IASP definition,sensory;emotional (definition wording),Named-only; zidda2024 reads it as implying separable dimensions (E2 §4)
kauppinen2021,2021,Relational imperativism,indicative content;background concern;imperative,Valence needs all three ingredients (B3 §1)
stankewitz2023,2023,Graded dimensions,intensity;unpleasantness,Highly correlated ratings; authors do not assume distinct processes (E2 §3)
lee2024,2024,Valence and affective intensity,signed valence;unsigned affective intensity,Shared by pain and pleasure; 'intensity' is not sensory intensity (H §1)
flury2025,2025,"Two of Melzack & Casey's three, as behavioural surrogates",sensory-discriminative;emotional-motivational,Discrimination and avoidance tasks stand in for the components; authors decline a differential conclusion (H §2)
