key,species,n_analysed,n_primary,manipulation_or_design,contrast_of,intensity,unpleasantness,avoidance_behaviour,desire_or_urge,reflex_or_nocifensive,neural,direction_note,caveats
rainville1997,human,8,8,Hypnotic suggestion for more vs less unpleasantness of constant hot water,manipulation,unchanged,changed,not-measured,not-measured,not-measured,H2(15)O PET,"Unpleasantness 81 vs 45; ACC activity moved, S1 did not","Selected for the effect; intensity 78 vs 71 n.s., equivalence not tested; fixed state order"
hofbauer2001,human,10,10,Hypnotic suggestion for stronger vs weaker pain,manipulation,changed,changed,not-measured,not-measured,not-measured,H2(15)O PET,"Both ratings moved (r=0.81); S1 moved with suggestion, ACC did not",Double dissociation only across two samples; selected sample; fixed state order
zubieta2001,human,20,20,Sustained jaw pain vs placebo; opioid release correlated with scores across people,none-correlational,correlational,correlational,not-measured,not-measured,not-measured,[11C]carfentanil PET,Different but overlapping regions correlated with sensory vs affective questionnaire scores,"Codes are between-person correlations; intensity held at 40-60 VAS; affect is MPQ subscale, not unpleasantness rating"
kulkarni2005,human,17,17,Attend to location vs unpleasantness of identical laser pulses,attention-condition,unchanged,correlational,not-measured,not-measured,not-measured,H2(15)O PET,"Location: S1 and parietal; unpleasantness: perigenual ACC, OFC, amygdala, hypothalamus, M1","Intensity = % painful across tasks; unpleasantness rated in one task only, vs rCBF; S1 P=0.05 corrected; men only"
tiemann2014,human,22,22,Dopamine-precursor depletion vs balanced amino-acid drink,manipulation,unchanged,changed,not-measured,not-measured,not-measured,EEG evoked potentials and oscillations,"Unpleasantness 5.6 vs 4.7 (p=.048), scaling with tyrosine depletion; EEG unchanged",Intensity null far better powered (75 single-trial ratings) than affect effect (one post-task rating); men only
hayen2017,human,19,19,Remifentanil vs saline during resistive-load breathlessness,manipulation,unchanged,changed,not-measured,not-measured,not-measured,3T fMRI and arterial spin labelling,Breathlessness unpleasantness 61 to 49 (p=.03); intensity 71 to 68 (p=.21),"Breathlessness, a non-pain analogue; one-tailed; no interaction test; changes correlated r=0.59"
singh2020,rat,5 rats (units); 6-19 per group (behaviour),,Optogenetic activation or inhibition of S1->ACC terminals paired with pinprick,manipulation,not-measured,not-measured,changed,not-measured,not-measured,in vivo electrophysiology with optogenetics,Activation increased and inhibition decreased pinprick place aversion,No sensory or reflex test under manipulation; key controls in absent supplement
stankewitz2023,human,20,20,No manipulation; both ratings on every trial of prolonged cold pain,none-correlational,correlational,correlational,not-measured,not-measured,not-measured,7T fMRI activity and connectivity,Signals tracked unpleasantness slightly more than intensity; ratings r=0.86,Graded difference by authors' account; intensity always rated first; conditions pooled
zidda2024,human,19,19,"Negative, neutral or positive picture primes before electric shock",manipulation,unchanged,changed,not-measured,not-measured,not-measured,"64-channel EEG (N2, P2)",Unpleasantness negative > neutral > positive; only P2 change predicted it,"Intensity main effect n.s. but quadratic trend p=.04, partial eta2 .12; intensity rated first; picture ERPs overlap"
claes2015,human,57,57,Lottery reward added to a painful joystick movement (within-subject),manipulation,unchanged,unchanged,changed,not-measured,not-measured,none,Choice of the painful movement rose sharply; fear rating also unchanged,"Unpleasantness p=.133, no equivalence test; ratings from 50% phases, choices from 100% phase; self-selected groups"
johansen2001,rat,"8 lesion, 10 sham (rostral)",,Rostral vs caudal ACC excitotoxic lesion; formalin place conditioning,manipulation,not-measured,not-measured,changed,not-measured,unchanged,excitotoxic lesion,Rostral lesion abolished place avoidance; acute formalin paw behaviour not reduced,"Spared measure is nocifensive formalin licking/lifting/flinching, which corder2019 counts as affective; no thresholds; one bin higher"
johansen2004,rat,7-11 per group,,ACC glutamate blockade during training; agonist without noxious input; post-training lesion,manipulation,not-measured,not-measured,changed,not-measured,unchanged,intracerebral microinjection; lesion,Blockade prevented avoidance learning with acute behaviour unchanged; agonist alone produced avoidance,Spared measure is nocifensive formalin behaviour (corder2019 counts it affective); agonist one dose; authors: not conclusive
corder2019,mouse,9 imaging; 14 per group silencing,,Chemogenetic silencing of an amygdala nociceptive ensemble,manipulation,not-measured,not-measured,changed,not-measured,unchanged,miniscope calcium imaging; activity-tagged chemogenetics,"Attending, escape and thermal avoidance reduced; thresholds and withdrawal unchanged","Spared measures are reflexes (von Frey, withdrawal); attending/licking counted affective, unlike johansen2001; supplement absent"
lee2022,mouse,9-10 per group (avoidance task),,Optogenetic activation or inhibition of ACC->dl/lPAG terminals,manipulation,not-measured,not-measured,changed,not-measured,changed,optogenetics; 15.2T optogenetic fMRI; tracing,Activation increased shock-zone distance and heat sensitivity together,Reflex = heat withdrawal latency; only activation tested in avoidance task (necessity untested); shock-zone entries unchanged
gandhi2021,human,32,32,Reaction-time pain-avoidance task: after failure vs success; migraine vs controls,manipulation,not-measured,not-measured,changed,not-measured,not-measured,3T fMRI,"Avoidance vigour dropped after failure, more with helplessness; parietal, not PAG, tracked it",Pain rated only for calibration on one merged scale; helplessness effects n=15; accepted manuscript
jepma2022,human,83 (74 fMRI),83,"Pain-avoidance choice learning under levodopa, naltrexone or placebo",manipulation,unchanged,not-measured,changed,not-measured,not-measured,3T fMRI,Both drugs raised learning from avoided pain only; placebo learned more from received pain,Intensity 'unchanged' = no drug effect on pre-task ratings only; no ratings during learning; drug effects in model parameters
le2024,human,82,82,Go/no-go learning to avoid shock or win money,none-correlational,not-measured,not-measured,correlational,not-measured,not-measured,3T fMRI,Individual avoidance learning rate tracked by dorsal and mid cingulate activity,Half of shock feedback without shock; accepted manuscript; asymmetry opposite to jepma2022
lee2024,human,58 (+62 test),58,Oral capsaicin vs chocolate vs water with continuous pleasant-unpleasant rating,none-correlational,not-measured,correlational,not-measured,not-measured,not-measured,3T fMRI multivariate decoding and connectivity,Signed valence and unsigned affective intensity decoded from largely distinct voxels,"'Intensity' in paper is affective, not sensory; small effects; no action or avoidance measure"
flury2025,human,58,58,Contingent vs yoked monetary reward for avoiding or discriminating heat,manipulation,unchanged,unchanged,changed,not-measured,not-measured,none,Reward improved avoidance speed and success; ratings unchanged,Contingency main effect on unpleasantness p=.027 across both phases; mild probe stimuli; compliance confound; no differential claim
perini2013,human,18 fMRI; 15 ratings,,Button press vs no press crossed with painful and non-painful heat and cold,stimulus-class,changed,not-measured,not-measured,changed,not-measured,3T fMRI and ALE meta-analysis,Urge and intensity both steeper for pain (r=0.53-0.83); midcingulate followed pressing,"Rating codes compare pain vs non-pain, not press; ratings from separate group; no unpleasantness; press is not escape"
misra2014,human,15,15,"Grip force, painful heat, and both combined",manipulation,unchanged,not-measured,not-measured,not-measured,not-measured,3T fMRI,Adding force did not change pain rating; aMCC overlap of force and pain,One scale mixing sensation and pain; dual-task attention not excluded
budell2015,human,23,23,Observing and reproducing pain faces: express meaning vs imitate movements,manipulation,not-measured,not-measured,not-measured,not-measured,not-measured,3T fMRI with facial action coding,"Cingulate pain responses in meaning task, not imitation task","Observer rating of another's pain, coded not-measured; kept for visibility, no own-pain outcome measured"
han2017,human,30 behaviour; 33 fMRI,,Watching painful vs non-painful clips while pressing a force sensor,stimulus-class,not-measured,not-measured,not-measured,changed,not-measured,3T fMRI,Press force and willingness to help rose for painful clips; pressing reduced responses to observed pain,Observer rating of another's pain (and own unpleasantness at viewing) coded not-measured; desire = willingness to help
perini2020,human,12 carriers; 12 controls,,Natural manipulation: reduced C-fibre density (R221W carriers) vs matched controls,manipulation,unchanged,not-measured,not-measured,changed,not-measured,3T fMRI with connectivity; resting state,"Thresholds normal, urge to withdraw weaker; insula-MCC coupling tracked urge in controls",Fixed-effects group model; urge rated after scan; sensitivity difference only a trend
koppel2022,human,30,30,Cue predicts pain; a timed press could or could not shorten it,manipulation,not-measured,not-measured,changed,not-measured,not-measured,3T fMRI (preregistered and exploratory),"Responses faster when press mattered; cingulate and insula tracked predicted, not current, pain",No pain ratings; press required every trial; preregistered action tests null
