from_key,to_key,relation,evidence
martinez2011,klein2007,critiques,B1 §1 Argument 3
martinez2011,hall2008,critiques,B1 §1 backbone: Klein's command model
cuttertye2011,klein2007,critiques,B1 §2 Against imperative content
cuttertye2011,martinez2011,critiques,B1 §2 Against imperative content
cuttertye2011,hall2008,critiques,B1 §2 backbone §4 (fn. 13)
bain2013,klein2007,critiques,B1 §3 Argument 2
bain2013,martinez2011,critiques,B1 §3 Argument 2
bain2013,hall2008,critiques,B1 §3 backbone §5
bain2013,cuttertye2011,builds-on,B1 §5 who answers whom
jacobson2013,cuttertye2011,critiques,B1 §4 main argument
carruthers2018,cuttertye2011,critiques,A §2 naturalisation problem
bh2019,martinez2011,critiques,A §3 Argument 1
bh2019,martinez2015,critiques,A §3 Argument 1 table (spam)
bh2019,klein2015,critiques,A §3 Argument 2
bh2019,klein2007,critiques,A §3 critical assessment (ankle reply); A §6
bh2019,bain2013,critiques,A §3 diagnostic step (§4.3)
bh2019,cuttertye2011,critiques,A §3 diagnostic step (§4.3)
bh2019,ploner1999,uses-as-evidence,A §3 Argument 2 (pure affect)
barlassina2020,carruthers2018,critiques,A §4 argument reconstruction
barlassina2020,bh2019,builds-on,A §4 technical analysis (token to type)
carruthers2023,barlassina2020,replies-to,A §5 Argument 7; A §6 reply ledger
carruthers2023,bh2019,replies-to,A §5 Argument 7
carruthers2023,loopy2019,replies-to,A §5 citation-key warning; B2 §8 attribution check
carruthers2023,carruthers2018,builds-on,A §5 technical analysis
carruthers2023,martinez2011,critiques,A §5 technical analysis (world-directed imperativism)
carruthers2023,ploner1999,reinterprets,A §5 Argument 7 (fn. 11)
martinez2015,bain2013,replies-to,"B2 §1 argument reconstruction (P7, conclusion)"
martinez2015,martinez2011,builds-on,B2 §1 field-history record
martinez2015,km2018,builds-on,B2 §1 technical analysis (fn. 2-3)
klein2015,klein2007,builds-on,B2 §2 place in history
klein2015,klein2010,builds-on,B2 §2 place in history; field-history record
mk2016,bain2013,critiques,B2 §3 argument reconstruction (4.3)
mk2016,klein2015,builds-on,B2 §3 backbone 1
mk2016,martinez2015,builds-on,"B2 §3 argument reconstruction (4.3, reasons)"
bain2017,klein2007,critiques,B2 §4 argument reconstruction 3(d)
bain2017,martinez2011,critiques,B2 §4 four positions table
bain2017,cuttertye2011,builds-on,B2 §4 argument reconstruction 1-2
bain2017,jacobson2013,replies-to,B2 §4 challenges table (messenger-shooting)
bain2017,bain2013,builds-on,B2 §4 introduction
bain2017,berthier1988,uses-as-evidence,B2 §4 backbone 3 (asymbolia and care)
bainreview2017,klein2015,critiques,B2 §5 worries
km2018,cuttertye2011,replies-to,B2 §6 introduction
bain2019,martinez2015,critiques,B2 §7 strategies table (row 1)
bain2019,klein2015,critiques,B2 §7 strategies table (row 1)
bain2019,jacobson2013,replies-to,B2 §7 backbone §2 and §8
bain2019,bain2013,builds-on,B2 §7 field-history record
loopy2019,martinez2015,critiques,B2 §8 §3.3.1
loopy2019,bain2019,critiques,B2 §8 §3.3.2
loopy2019,bain2013,critiques,B2 §8 §3.2 Thinking Otherwise Problem
loopy2019,carruthers2018,critiques,B2 §8 map of intentionalist theories
loopy2019,martinez2011,critiques,B2 §8 map of intentionalist theories
loopy2019,bh2019,builds-on,B2 §8 relation to Part A
kauppinen2021,martinez2011,builds-on,B3 §1 key finding 3
kauppinen2021,bh2019,critiques,"B3 §1 Shooting the Officer, reply 2"
kauppinen2021,km2018,critiques,B3 §1 intensity
kauppinen2021,cuttertye2011,critiques,B3 §1 key finding 2
kauppinen2021,bain2019,builds-on,"B3 §1 Shooting the Officer, reply 1"
kauppinen2021,carruthers2018,critiques,B3 §1 key finding 1
kauppinen2021,klein2015,builds-on,B3 §1 asymbolia
barlassina_reflection,carruthers2018,critiques,B3 §3 key finding 1
barlassina_reflection,bain2013,critiques,B3 §3 key finding 1
barlassina_reflection,cuttertye2011,critiques,B3 §3 key finding 1
barlassina_reflection,martinez2011,critiques,B3 §3 key finding 2
barlassina_reflection,bh2019,builds-on,B3 §3 initial takeaway
mb2026,carruthers2023,replies-to,B3 §2 reply table
mb2026,mk2016,builds-on,B3 §2 metasemantic framework
mb2026,bh2019,builds-on,B3 §2 the divide
mb2026,martinez2011,builds-on,B3 §2 the divide
klein2015asym,klein2007,builds-on,C §1 revision of Klein 2007 (fn. 12)
klein2015asym,ploner1999,critiques,C §1 technical analysis (fn. 4)
klein2015asym,berthier1988,uses-as-evidence,C §1 key finding 2
klein2015asym,craig2003,builds-on,C §1 neural framing
klein2015asym,price2000,critiques,C §1 backbone §2.1 (degraded input model)
griffithkind2023,klein2015asym,critiques,C §2 §6 alternatives
griffithkind2023,berthier1988,reinterprets,C §2 threshold detail
duvalklein2025,griffithkind2023,replies-to,C §3
duvalklein2025,klein2015asym,builds-on,C §3 introduction
duvalklein2025,ploner1999,critiques,C §3 technical analysis
duvalklein2025,berthier1988,uses-as-evidence,C §3 Argument A (A2)
price2000,rainville1997,uses-as-evidence,D §2 evidence table
price2000,berthier1988,uses-as-evidence,D §2 evidence table
price2000,melzackcasey1968,builds-on,D §2 backbone 2
leknestracey2008,craig2003,builds-on,D §3 key result
leknestracey2008,fields2006,builds-on,D §3 key result
talbot2019,price2000,reinterprets,D §4 terminology; D cross-paper note 2
talbot2019,fernandezturk1992,builds-on,D §4 key findings (method)
talbot2019,rainville1997,uses-as-evidence,D §4 included studies
talbot2019,hofbauer2001,uses-as-evidence,D §4 included studies
talbot2019,treede1999,builds-on,D §4 terminology
rainville1997,melzackcasey1968,builds-on,E1 §1 introduction
rainville1997,foltz1962,uses-as-evidence,E1 §1 backbone background
hofbauer2001,rainville1997,builds-on,E1 §2 introduction
hofbauer2001,ploner1999,uses-as-evidence,E1 §2 further points
hofbauer2001,berthier1988,uses-as-evidence,E1 §2 further points (insula); record
hofbauer2001,price2000,builds-on,E1 §2 inferential step 4
zubieta2001,rainville1997,uses-as-evidence,E1 §3 backbone (affective correlations)
kulkarni2005,rainville1997,critiques,E1 §4 further points
kulkarni2005,hofbauer2001,critiques,E1 §4 inferential step 3; backbone abstract
kulkarni2005,bentley2004,builds-on,E1 §4 further points
kulkarni2005,ploner1999,uses-as-evidence,E1 §4 backbone introduction
kulkarni2005,foltz1962,uses-as-evidence,E1 §4 backbone introduction
tiemann2014,leknestracey2008,builds-on,E1 §5 inferential step 5
hayen2017,zubieta2001,uses-as-evidence,E2 §1 backbone discussion (rACC/NAcc)
hayen2017,leknestracey2008,uses-as-evidence,E2 §1 backbone discussion (emotional state)
singh2020,rainville1997,builds-on,E2 §2 introduction
singh2020,melzackcasey1968,builds-on,E2 §2 introduction
singh2020,johansen2001,builds-on,E2 §2 critical assessment (CPA lineage)
singh2020,price2000,builds-on,E2 §2 backbone discussion
stankewitz2023,rainville1997,critiques,E2 §3 introduction
stankewitz2023,hofbauer2001,critiques,E2 §3 introduction
stankewitz2023,wiech2013,uses-as-evidence,E2 §3 inferential step
zidda2024,hofbauer2001,builds-on,E2 §4 backbone discussion (sources)
zidda2024,price2000,builds-on,E2 §4 backbone discussion (sources)
zidda2024,melzackcasey1968,builds-on,E2 §4 backbone introduction
vlaeyen2000,wall1979,uses-as-evidence,F §1 place in history
craig2003,melzackwall1965,critiques,F §2 place in history
leeuw2006,vlaeyen2000,builds-on,F §3 key result
leeuw2006,eccleston1999,builds-on,F §3 revision on intensity
leeuw2006,wall1979,uses-as-evidence,F §3 adaptiveness
crombez2012,vlaeyen2000,builds-on,F §4 field-history record
crombez2012,leeuw2006,builds-on,F §4 field-history record
crombez2012,eccleston1999,builds-on,F §4 place in history
crombez2012,vandamme2008,builds-on,F §4 field-history record
crombez2012,hasenbring2010,builds-on,F §4 field-history record
claes2015,crombez2012,builds-on,F §5 place in history
claes2015,vandamme2008,builds-on,F §5 place in history
claes2015,vlaeyen2000,critiques,F §5 inferential step 3
vlaeyen2016,vlaeyen2012,builds-on,F §6 claim
vlaeyen2016,crombez2012,builds-on,F §6 place in history
johansen2001,rainville1997,uses-as-evidence,G1 §1 introduction
johansen2001,price2000,builds-on,G1 §1 technical analysis (framework)
johansen2001,melzackcasey1968,builds-on,G1 §1 technical analysis (framework)
johansen2001,treede1999,builds-on,G1 §1 technical analysis (framework)
johansen2001,foltz1962,uses-as-evidence,G1 §1 field-history record
johansen2004,johansen2001,builds-on,G1 §2 introduction; G1 §5 note 1
johansen2004,rainville1997,uses-as-evidence,G1 §2 bridge to human affect
corder2019,price2000,builds-on,G1 §3 framing
corder2019,ploner1999,uses-as-evidence,G1 §3 framing
corder2019,melzackcasey1968,builds-on,G1 §3 framing
lee2022,johansen2004,builds-on,G1 §5 note 1
lee2022,vlaeyen2016,builds-on,G1 §4 framing
lee2022,melzackcasey1968,builds-on,G1 §4 framing
wiech2013,vlaeyen2000,builds-on,G2 §1 field-history record
wiech2013,eccleston1999,builds-on,G2 §1 field-history record
becker2018,claes2015,uses-as-evidence,G2 §3 key result (competing goals)
becker2018,crombez2012,builds-on,G2 §3 field-history record
becker2018,vandamme2008,builds-on,G2 §3 field-history record
becker2018,leeuw2006,builds-on,G2 §3 field-history record
becker2018,leknestracey2008,builds-on,G2 §3 field-history record
seymour2019,wang2018,uses-as-evidence,G2 §4 architecture step 7
seymour2019,melzackcasey1968,builds-on,G2 §4 historical argument table
seymour2019,melzackwall1965,builds-on,G2 §4 historical argument table
seymour2019,craig2003,builds-on,G2 §4 historical argument table
seymour2019,fields2006,builds-on,G2 §4 historical argument table
seymour2019,vlaeyen2000,builds-on,G2 §4 backbone (chronic pain)
seymour2019,eccleston1999,uses-as-evidence,G2 §4 endogenous control table
le2024,jepma2022,uses-as-evidence,G2 §7 place in history (MCC only)
lee2024,leknestracey2008,builds-on,H §1 field-history record
lee2024,corder2019,builds-on,H §1 backbone introduction
flury2025,melzackcasey1968,builds-on,H §2 introduction
flury2025,auvray2010,uses-as-evidence,H §2 backbone introduction
flury2025,vlaeyen2000,builds-on,H §2 field-history record
flury2025,crombez2012,builds-on,H §2 inferential step 2
flury2025,seymour2019,builds-on,H §2 backbone discussion
shackman2011,rainville1997,builds-on,I §1 field-history record
perini2013,shackman2011,builds-on,I §2 backbone introduction; I batch note 1
misra2014,shackman2011,builds-on,I §3; I batch note 1
budell2015,perini2013,uses-as-evidence,I §4 key result
budell2015,shackman2011,builds-on,I batch note 1
budell2015,budell2010,builds-on,I §4 place in history
procyk2014,misra2014,uses-as-evidence,I §5 key result
procyk2014,shackman2011,builds-on,I batch note 1
tolomeo2016,shackman2011,builds-on,I §6 manipulation (masks)
han2017,perini2013,builds-on,I §7 place in history
han2017,rainville1997,builds-on,I §7 place in history
perini2020,perini2013,builds-on,I §8 introduction; I batch note 1
perini2020,shackman2011,builds-on,I batch note 1
koppel2022,perini2013,builds-on,I §9 introduction; I batch note 1
koppel2022,perini2020,builds-on,I §9 introduction
koppel2022,shackman2011,builds-on,I batch note 1
koppel2022,misra2014,builds-on,I batch note 1
koppel2022,procyk2014,builds-on,I batch note 1
