debate_id,position_id,position_label,keys,summary
dimensions,dim-serial,Separable and serially ordered,price2000;rainville1997,"Intensity causes unpleasantness, which feeds secondary suffering; ACC tracks unpleasantness (partial segregation)"
dimensions,dim-lateral-medial,Distinct lateral (sensory) and medial (affective) systems,kulkarni2005;tiemann2014;zidda2024;craig2003,Manipulations or anatomy separate a sensory route from an affective/motivational one
dimensions,dim-graded,Relative specialisation or graded difference,hofbauer2001;zubieta2001;stankewitz2023;singh2020,"Regions lean toward one dimension, but ratings co-move and streams integrate; no simple dichotomy"
dimensions,dim-unitary,Evidence favours one unitary experience,talbot2019,"Intensity not selectively modifiable; unpleasantness maybe, tentatively and slightly; dissociations vulnerable to demand"
dimensions,dim-valence-intensity,Signed valence vs unsigned affective intensity,lee2024;leknestracey2008,Recasts the axis: pain shares valence and intensity codes with pleasure rather than a sensory/affective split
valence-nature,vn-body-imperative,Body-protection imperativism,klein2007;klein2015;mk2016;km2018,Pain is a command about using or protecting a body part; intensity is command strength or ranking
valence-nature,vn-state-imperative,First-order imperativism about bodily state,martinez2011;martinez2015,Unpleasantness commands that a bodily disturbance not exist; how to achieve it is left open
valence-nature,vn-reflexive,Reflexive imperativism,bh2019;loopy2019;barlassina2020;barlassina_reflection,An unpleasant experience commands 'less of me!'; world-directed motivation is derived by decision-making
valence-nature,vn-relational,Relational imperativism,kauppinen2021,Indicative content bearing on a standing concern plus an authoritative command about the world
valence-nature,vn-any-imperative,Any imperativism beats evaluativism (metasemantic),mb2026,"Valence informs more about behaviour than world and sits late in processing, so its content is imperative"
valence-nature,vn-body-evaluativism,Evaluativism about bodily badness,cuttertye2011;bain2013;bain2017;bain2019,Unpleasant pain represents the bodily condition as bad for the subject; the experience itself motivates
valence-nature,vn-value-evaluativism,Evaluativism about adaptive value,carruthers2018;carruthers2023,Valence is a nonconceptual representation of (adaptive) value for all affect; commands add nothing science needs
valence-nature,vn-against-representation,Evaluative representation cannot be the whole story,jacobson2013,Rational relief shows painfulness is not exhausted by evaluative content; hints at a conative (desire-like) view
relief-seeking,rs-imperatives-fail,Commands cannot explain relief-seeking,bain2013,Receiving a command is no reason to obey; silencing it with painkillers should then make no sense
relief-seeking,rs-messenger,Evaluations cannot explain relief-seeking,jacobson2013,Removing a report of bodily badness without fixing the body would be 'killing the messenger'
relief-seeking,rs-spam,Relief-seeking is extrinsic spam avoidance,martinez2015,"Pain commands about the body only; we silence insistent, useless ('spammy') pains"
relief-seeking,rs-separate-desires,Two motivational routes,bain2017;bain2019,Unpleasant experience itself motivates protecting the body; relief-seeking comes from separate desires
relief-seeking,rs-reflexive,Relief-seeking is intrinsic,loopy2019;bh2019;barlassina_reflection,"Unpleasantness is about the experience, so wanting it gone is built in; body care is derived"
relief-seeking,rs-separate-displeasure,No reflexive motivation,kauppinen2021,Grief or fear do not motivate pills; painkillers answer a separate displeasure at being in an unpleasant state
relief-seeking,rs-hedonism-charge,Experience-directed views imply motivational hedonism,carruthers2023;carruthers2018,"If valence targets experiences and drives all choice, every choice aims at one's own experiences"
asymbolia,as-standard,Pain without painfulness,bain2013;price2000;bh2019;carruthers2018,"Asymbolia keeps sensation and loses the affective/evaluative/command part (Grahek's reading, not in corpus)"
asymbolia,as-lost-capacity,Lost capacity to care about the body,klein2015asym,Indifference extends to all bodily threats; the command persists but is not treated as binding
asymbolia,as-concern,Command without authority,kauppinen2021;bain2017,"Without concern for bodily integrity, the command or evaluation no longer makes pain unpleasant"
asymbolia,as-deflation,Not shown to be pain; set aside,griffithkind2023,"Testimony inconsistent and confounded; standard reading incoherent under essentialism; a symptom, not syndrome"
asymbolia,as-taxonomy,Probably still pain; taxonomy is the question,duvalklein2025,If pain is a cluster kind the objections fail; dispute turns on specific deficit vs symptom cluster
unpleasantness-vs-avoidance,uva-accompaniment,Escape desire accompanies unpleasantness,price2000;talbot2019,Motivation gets no dimension of its own; talbot2019 explicitly equates unpleasantness with protective motivation
unpleasantness-vs-avoidance,uva-operational,Avoidance as the readout of affect,johansen2001;johansen2004;singh2020;corder2019,"Animal work infers unpleasantness from learned or ongoing avoidance, never measured independently of it"
unpleasantness-vs-avoidance,uva-hard-to-separate,Hedonic and motivational hard to disentangle,leknestracey2008;cuttertye2011,Avoidance tracks aversiveness; represented badness is carried by a state defined by avoidance role
unpleasantness-vs-avoidance,uva-behaviour-moves,Behaviour moves while ratings do not,claes2015;flury2025;becker2018,"Competing rewards change avoidance choices or performance without changing fear, intensity or unpleasantness ratings"
unpleasantness-vs-avoidance,uva-behaviour-primary,Control behaviour as the ultimate measure,seymour2019,"Pain is a control signal, so behaviour rather than self-report should measure it"
unpleasantness-vs-avoidance,uva-liking-wanting,Liking and wanting come apart,loopy2019;barlassina_reflection;carruthers2023,Both camps accept dissociations of pleasure from motivation; they disagree what they show about valence
unpleasantness-vs-avoidance,uva-urge,Urge to withdraw tied to insula-cingulate coupling,perini2013;perini2020,"Urge-to-move ratings track action circuitry but, where tested, did not dissociate from intensity"
cingulate-action,ca-affect,Cingulate as the seat of unpleasantness,rainville1997;price2000;johansen2001;craig2003,ACC activity tracks or is needed for pain's unpleasantness or motivational drive
cingulate-action,ca-integration,Adaptive control integration,shackman2011;misra2014;tolomeo2016,"One aMCC region integrates pain, negative affect and control to choose actions under uncertainty"
cingulate-action,ca-action-dependence,Pain response depends on action,perini2013;perini2020;koppel2022;lee2022,"Midcingulate responses follow action requirements or consequences; ACC output is sensorimotor, not sensory"
cingulate-action,ca-observed,Observed pain: meaning and vigour,budell2015;han2017,Others' pain engages cingulate when meaning is attended and makes instructed actions more forceful
cingulate-action,ca-motor-maps,Effector-specific action maps (not pain studies),procyk2014;gordon2023,Cingulate and motor cortex organise feedback and whole-body action planning in motor maps
learning-signal,ls-teaching,ACC as aversive teaching signal,johansen2004,Rostral ACC activity is necessary and sufficient to teach avoidance of a context
learning-signal,ls-rl-control,Pain as reinforcement and control signal,seymour2019;wiech2013,"Pain teaches and controls behaviour in a hierarchy of reflex, Pavlovian, habit and planning controllers"
learning-signal,ls-arbitration,Planning and habit systems for pain avoidance,wang2018,Pain avoidance draws on model-based and model-free control with reliability-based switching
learning-signal,ls-received,Learn more from pain received,jepma2022,Learning rate higher after received than avoided pain; separate threat and safety systems
learning-signal,ls-avoided,Learn more from pain avoided,le2024,Learning rate higher after avoided shock in a go/no-go task mixing money and shock
learning-signal,ls-value,Learning describable as value updating,carruthers2023,Prediction-error learning of stored values needs no commands
learning-signal,ls-command,Learning function supports commands,bh2019;mb2026,Affect evolved as reward/punishment for trial-and-error learning; learning models favour imperative content
learning-signal,ls-vigour,Avoidance vigour adapts to failure,gandhi2021,"Failing to avoid lowers next-trial vigour, more with helplessness; parietal attention not PAG"
avoidance-drivers,ad-fear,Fear drives avoidance,vlaeyen2000,"Catastrophic interpretation leads to fear, avoidance, disuse and disability; fear matters more than intensity"
avoidance-drivers,ad-intensity,Intense pain is itself threatening,leeuw2006,High pain intensity itself drives escape and avoidance; model underplayed it
avoidance-drivers,ad-goals,Goal competition,crombez2012;claes2015;vlaeyen2016;becker2018,Avoiding pain is one goal among many; protective behaviour yields when another goal is valued more
avoidance-drivers,ad-homeostatic,Homeostatic drive,craig2003,Pain is a feeling plus behavioural drive like hunger or thermal discomfort
avoidance-drivers,ad-decision,Motivation and learned decision,seymour2019;wiech2013;gandhi2021,Avoidance is learned and weighed against other outcomes; vigour falls after failure and helplessness
avoidance-drivers,ad-defence-circuit,Active-defence circuit,lee2022,Increased ACC->PAG signalling might contribute to excessive fear-avoidance (stated as speculation)
