key,survey_claim,finding,verdict
cuttertye2011,Key evaluativist source: unpleasantness represents bodily damage as bad,"Yes, with refinements: badness is subject-relative and graded ('apt to harm'); paper never uses 'evaluativism' (B1 §2)",holds
martinez2015,Unpleasantness is a command: 'protect this body part / stop this',"Command targets bodily damage, not the pain; 'protect this body part' is Klein's wording (B2 §1)",partly
klein2015,Imperativism explains motivational force and uninformativeness; content action-directed,"Matches chapter 1, but the theory concerns pain per se, not unpleasantness; 12 of ~200 pages held (B2 §2)",holds
bain2017,Key evaluativist source: unpleasantness as evaluation of damage as bad,Matches; evaluation is experiential and itself motivating; represented condition left open (B2 §4),holds
bainreview2017,Evaluativism predicts a valenced judgement that causes motivation but is not itself motivational,Review never discusses evaluativism; Bain's own 2017 chapter says the experience is itself motivational (B2 §5),does-not-hold
klein2015asym,Klein: the command is issued but no longer binding,"Matches p. 510; offered as best candidate, not a full defence (C §1)",holds
griffithkind2023,Counter-reading: asymbolia isn't pain at all,"Title says so; body argues only that evidence fails to show it is pain, provisionally (C §2)",partly
price2000,Affective and motivational used interchangeably; the fusion was inherited,"'Motivational' never appears; the explicit fusion is in talbot2019, which misattributes it to Price (D §2, D §4)",partly
talbot2019,Components not independently modifiable; ratings covary; dissociations mostly attention effects,"Asymmetric verdict (affect might be modifiable); explanations offered are demand, wording, bias, not attention (D §4)",partly
rainville1997,Suggestion moves unpleasantness with intensity fixed; ACC not S1 changes,"Matches, with 'fixed' meaning not significantly different (E1 §1)",holds
hofbauer2001,The reverse suggestion moves S1,"S1 moved, but unpleasantness moved too (r=0.81) and authors reject a simple dichotomy (E1 §2)",partly
zubieta2001,Mu-opioid signalling regulates the two dimensions in different regions,Between-person correlations with overlapping regions and no direct test (E1 §3),partly
kulkarni2005,Attending to location vs unpleasantness dissociates lateral vs medial systems,"Matches; rests on attention manipulation, S1 effect at P=0.05 corrected (E1 §4)",holds
tiemann2014,Dopamine-precursor depletion changes affect but not sensation,Matches; affect effect is one post-task rating at p=.048 (E1 §5),holds
hayen2017,"Opioids: unpleasantness down, intensity flat (cited as pain evidence)","Direction right but the sensation was experimentally induced breathlessness, not pain (E2 §1)",misattributed
singh2020,"In mice, S1->ACC projections carry sensory into affective circuitry",Content matches the authors' conclusion; animals were rats (E2 §2),partly
stankewitz2023,Unnamed '7T/EEG' result: cortex relates more to unpleasantness than intensity,"Direction matches; 7T fMRI only, no EEG; authors call the difference gradual (E2 §3)",partly
zidda2024,"Emotional priming moves unpleasantness not intensity, with distinct ERP components","Matches; intensity quadratic trend p=.04; both N2 and P2 changed, only P2 predicted (E2 §4)",holds
vlaeyen2000,The fear-avoidance model across four iterations,Paper reviews two earlier models and credits Lethem 1983; counts no iterations (F §1),partly
leeuw2006,The fear-avoidance model across four iterations,Evidence review with a merged diagram; counts no iterations (F §3),partly
crombez2012,The fear-avoidance model across four iterations,Calls for a next generation in words; no new diagram; counts no iterations (F §4),partly
vlaeyen2016,The fear-avoidance model across four iterations,Pictorial restatement anchored to Vlaeyen & Linton 2012; counts no iterations (F §6),partly
craig2003,Recasts pain as a homeostatic emotion,Matches p. 303 (F §2),holds
claes2015,Experimental work measures avoidance as behaviour: pain-avoidance vs reward-seeking,Matches; headline is that behaviour and self-reported fear came apart (F §5),holds
johansen2001,ACC lesions abolish pain place avoidance without changing nociceptive thresholds,"Rostral ACC only; no thresholds measured, acute formalin behaviour instead (G1 §1)",partly
johansen2004,ACC activation is itself an aversive teaching signal,"Matches; authors call evidence not conclusive; one dose, one paradigm (G1 §2)",holds
corder2019,BLA ensemble encodes unpleasantness; silencing removes affective behaviour not reflexes,"Matches, but acute effect is a reduction, not removal (G1 §3)",holds
lee2022,"ACC->PAG projections required for pain avoidance: a command line, not evaluative",Necessity never tested; command-vs-evaluative contrast is not the paper's; paper says ACC encodes unpleasantness (G1 §4),partly
wiech2013,Wiech & Tracey's motivational perspective,It is that review (G2 §1),holds
wang2018,Model-based and model-free routes of pain-avoidance learning,Matches; omits that pain-vs-reward difference is provisional and no neural data (G2 §2),holds
becker2018,Review on emotional-motivational processing,It is that review (G2 §3),holds
seymour2019,Core function motivational; pain a precision-weighted RL control signal,"First half verbatim; 'precision' means precise and objectifiable, 'precision-weighted' never appears (G2 §4)",partly
gandhi2021,Human pain-avoidance behaviour has neural correlates distinct from pain report,Study never compares avoidance with pain report; claim is parietal rather than PAG role (G2 §5),does-not-hold
jepma2022,Pain-avoidance learning has its own neural systems for received vs avoided pain,"Matches; authors' wording is 'suggest', drug effects only in model parameters (G2 §6)",holds
le2024,Individual differences in avoidance vs reward learning,"Models both in one task, not a single avoidance-vs-reward dimension; title truncated (G2 §7)",partly
lee2024,Distinct voxel populations and networks for valence and intensity; no action axis,Accurate; populations lie within the same regions and 'intensity' is affective (H §1),holds
flury2025,Cleanest demonstration that avoidance is separate from both ratings (N=62),58 analysed; authors say the pattern does not allow a differential conclusion; task-compliance confound (H §2),partly
shackman2011,"Adaptive control hypothesis: aMCC integrates pain, affect and control",Matches; framed as working hypothesis on indirect inferences (I §1),holds
perini2013,Mid-cingulate region whose pain activity scales with action processing,"Shows action dependence, not graded scaling; RT link not pain-specific (I §2)",partly
misra2014,Motor control and pain in MCC,Matches p. 1906 (I §3),holds
budell2015,Facial pain expressions drive motor mirroring in MCC,Reverses the conclusion: pain responses appear with attention to meaning; affective-meaning networks favoured (I §4),does-not-hold
procyk2014,The midcingulate motor map,A motor map exists but evidence is juice-reward feedback; pain only a hypothesis (I §5),partly
tolomeo2016,Causal cingulotomy evidence (used for pain and action),Lesions predicted facial-emotion and Stroop errors in depression; pain never measured (I §6),misattributed
han2017,Empathy for pain motivates action with motor-dynamic signatures,Matches; change is in vigour of an instructed press (I §7),holds
perini2020,Extended in C-afferent mutation carriers,"Matches; 12 per group, fixed-effects model (I §8)",holds
koppel2022,Prediction and action in cortical pain processing,"Matches title; preregistered action tests null, action dependence exploratory (I §9)",holds
gordon2023,SCAN named without a source,This is the defining paper; pain link is by citation only (I §10),n.a.
