key,short_label,year,year_print,community,era,status,role,debates
klein2007,Klein 2007,2007,2007,philosophy,e3_badness,reviewed-full,Founds imperativism: pain's content is a negative command against using a body part; intensity is command strength,valence-nature
carruthers2018,Carruthers 2018,2017,2018,philosophy,e4_elaboration,reviewed-full,Evaluativism for all affect: valence is a nonconceptual representation of value; argued against the hedonic account,valence-nature;relief-seeking;asymbolia
bh2019,Barlassina & Hayward 2019,2019,2019,philosophy,e4_elaboration,reviewed-full,Reflexive imperativism: unpleasant experience commands 'less of me!'; rejects first-order and higher-order imperativism,valence-nature;relief-seeking;asymbolia;learning-signal
barlassina2020,Barlassina 2020,2020,2020,philosophy,e5_valence,reviewed-full,Reflexive imperativism judged better than Carruthers's evaluativism on phenomenology and imagination-based choice,valence-nature;relief-seeking
carruthers2023,Carruthers 2023,2023,2023,philosophy,e5_valence,reviewed-full,"Valence represents adaptive value; commands idle in learning, choice, brain location and attention",valence-nature;relief-seeking;learning-signal;unpleasantness-vs-avoidance
hall2008,Hall 2008,2008,2008,philosophy,e3_badness,named-only,"Not reviewed. Cited by martinez2011, cuttertye2011, bain2013 as source of imperative itch/hunger content",valence-nature
martinez2011,Martínez 2011,2010,2011,philosophy,e3_badness,reviewed-full,Unpleasantness is imperative content 'don't have this bodily disturbance'; rejects evaluative reading and action commands,valence-nature
cuttertye2011,Cutter & Tye 2011,2011,2011,philosophy,e3_badness,reviewed-full,Pain represents damage as bad for the subject to a degree; imperatives fail on intensity and polarity,valence-nature;unpleasantness-vs-avoidance
bain2013,Bain 2013,2012,2013,philosophy,e3_badness,reviewed-full,Names evaluativism; commands cannot give reasons or explain painkillers; asymbolia lacks the evaluative layer,valence-nature;relief-seeking;asymbolia
jacobson2013,Jacobson 2013,2013,2013,philosophy,e3_badness,reviewed-full,'Killing the messenger': rational painkiller use shows painfulness is not a representation of bodily badness,valence-nature;relief-seeking
martinez2015,Martínez 2015,2014,2015,philosophy,e4_elaboration,reviewed-full,Pains as 'benevolent-dictator' commands; relief-seeking is extrinsic avoidance of 'spammy' requests,valence-nature;relief-seeking
mk2016,Martínez & Klein 2016,2016,2016,philosophy,e4_elaboration,reviewed-full,Signalling-game model: pain messages carry more information about protective acts than world states,valence-nature
bain2017,Bain 2017 (chapter),2017,2017,philosophy,e4_elaboration,reviewed-full,Handbook evaluativism: unpleasant pain represents the bodily condition as bad and is itself motivating,valence-nature;relief-seeking;asymbolia
bainreview2017,Bain 2017 (review),2017,2017,philosophy,e4_elaboration,reviewed-short,"Review of Klein 2015: an account of pain per se; objections on neutral-pain motivation, authority, asymbolia",valence-nature;asymbolia
klein2015,Klein 2015 (book),2015,2015,philosophy,e4_elaboration,reviewed-short,Book: pains are pure commands to protect a body part; unpleasantness handled separately (12-page preview only),valence-nature;asymbolia
km2018,Klein & Martínez 2018,2018,2018,philosophy,e4_elaboration,reviewed-full,Command intensity as a ranking over possible worlds (written c. 2014); answers the intensity objection,valence-nature
bain2019,Bain 2019,2017,2019,philosophy,e4_elaboration,reviewed-full,Unpleasantness is non-instrumentally bad; relief-seeking comes from separate desires (self-elimination denied),valence-nature;relief-seeking
loopy2019,Barlassina & Hayward 2019 (Loopy),2019,2020,philosophy,e4_elaboration,reviewed-full,"World-directed theories fail (moods, experts, rat liking/wanting); relief-seeking intrinsic to reflexive commands",valence-nature;relief-seeking;unpleasantness-vs-avoidance
foltz1962,Foltz & White 1962,1962,1962,neurology-neurosurgery,e1_gate,named-only,"Not reviewed. Cingulumotomy reports cited as background by rainville1997, kulkarni2005, johansen2001",cingulate-action;dimensions
berthier1988,Berthier et al. 1988,1988,1988,neurology-neurosurgery,e1_gate,named-only,Not reviewed. Asymbolia case series (insular lesions) known via price2000 and the Part C papers,asymbolia;dimensions
ploner1999,Ploner et al. 1999,1999,1999,neurology-neurosurgery,e2_dimensions,named-only,"Not reviewed. One patient reporting unpleasantness without pain sensation, as quoted by bh2019, klein2015asym, carruthers2023",asymbolia;dimensions;valence-nature
klein2015asym,Klein 2015 (asymbolia),2015,2015,philosophy,e4_elaboration,reviewed-full,Asymbolics lost a general capacity to care about bodily integrity; pain's command persists but is not binding,asymbolia;unpleasantness-vs-avoidance
griffithkind2023,Griffith & Kind 2023,2023,2024,philosophy,e5_valence,reviewed-full,Clinical record does not show asymbolia is pain; standard reading incoherent under essentialism; a symptom,asymbolia
duvalklein2025,Duval & Klein 2025,2025,2026,philosophy,e5_valence,reviewed-full,Reply: objections weak if pain is a cluster kind; the real open question is how to classify asymbolia,asymbolia
melzackwall1965,Melzack & Wall 1965,1965,1965,human-neuroscience,e1_gate,reviewed-short,"Gate control: pain is modulated, not a fixed line; names sensory and affective components, no dimensional model",dimensions;avoidance-drivers
melzackcasey1968,Melzack & Casey 1968,1968,1968,human-neuroscience,e1_gate,named-only,"Not reviewed. Cited across Parts D, E, G, H as origin of the sensory / motivational-affective / evaluative split",dimensions;unpleasantness-vs-avoidance
fernandezturk1992,Fernandez & Turk 1992,1992,1992,clinical-psychology,e2_dimensions,named-only,Not reviewed. Framework that talbot2019 followed for testing whether the two components separate,dimensions
treede1999,Treede et al. 1999,1999,1999,human-neuroscience,e2_dimensions,named-only,Not reviewed. Cited by talbot2019 and johansen2001 for lateral (sensory) vs medial (affective) pathways,dimensions
price2000,Price 2000,2000,2000,human-neuroscience,e2_dimensions,reviewed-full,"Serial model intensity -> unpleasantness -> secondary affect, converging on ACC; motivation given no dimension",dimensions;unpleasantness-vs-avoidance;cingulate-action;asymbolia
leknestracey2008,Leknes & Tracey 2008,2008,2008,human-neuroscience,e3_badness,reviewed-short,Pain and pleasure share opioid/dopamine currency; hedonic and motivational aspects named but hard to separate,unpleasantness-vs-avoidance;dimensions
auvray2010,Auvray et al. 2010,2010,2010,unknown,e3_badness,named-only,Not reviewed. Cited by flury2025 for the claim that sensory and affective components can dissociate,dimensions
talbot2019,Talbot et al. 2019,2019,2019,clinical-psychology,e4_elaboration,reviewed-full,"Systematic review: intensity not selectively modifiable; unpleasantness possibly, slightly; leans unitary",dimensions;unpleasantness-vs-avoidance
raja2020,Raja et al. 2020,2020,2020,unknown,e5_valence,named-only,Not reviewed. Revised IASP pain definition; zidda2024 reads it as implying separable dimensions,dimensions
rainville1997,Rainville et al. 1997,1997,1997,human-neuroscience,e2_dimensions,reviewed-full,"Hypnotic suggestion moved unpleasantness, not significantly intensity; ACC followed, S1 did not (N=8)",dimensions;cingulate-action
hofbauer2001,Hofbauer et al. 2001,2001,2001,human-neuroscience,e2_dimensions,reviewed-full,"Intensity suggestions moved S1 not ACC, but unpleasantness moved too (r=0.81); rejects a simple dichotomy",dimensions;cingulate-action
zubieta2001,Zubieta et al. 2001,2001,2001,human-neuroscience,e2_dimensions,reviewed-full,Regional opioid release correlated with sensory vs affective questionnaire scores across people,dimensions
bentley2004,Bentley et al. 2004,2004,2004,human-neuroscience,e2_dimensions,named-only,"Not reviewed. Laser-evoked potential attention study, described only by kulkarni2005",dimensions
kulkarni2005,Kulkarni et al. 2005,2005,2005,human-neuroscience,e2_dimensions,reviewed-full,"Attending to location vs unpleasantness engaged lateral vs medial regions; attention, not percept, manipulated",dimensions;cingulate-action
tiemann2014,Tiemann et al. 2014,2014,2014,human-neuroscience,e4_elaboration,reviewed-full,"Dopamine-precursor depletion raised unpleasantness (one rating, p=.048), not intensity or EEG responses",dimensions
nickel2017,Nickel et al. 2017,2017,2017,human-neuroscience,e4_elaboration,named-only,Not reviewed. Oscillations paper; a different 'Nickel 2017' from the one stankewitz2023 cites,dimensions
hayen2017,Hayen et al. 2017,2017,2017,human-neuroscience,e4_elaboration,reviewed-full,Opioid lowered unpleasantness but not significantly intensity of breathlessness (not a pain study),dimensions
singh2020,Singh et al. 2020,2020,2020,animal-circuits,e5_valence,reviewed-full,Rat S1->ACC input amplifies noxious ACC responses and regulates place aversion; no sensory test under manipulation,dimensions;unpleasantness-vs-avoidance;cingulate-action
stankewitz2023,Stankewitz et al. 2023,2023,2023,human-neuroscience,e5_valence,reviewed-full,"7T fMRI: single-trial signals track unpleasantness slightly more than intensity; graded, not distinct",dimensions
zidda2024,Zidda et al. 2024,2024,2024,human-neuroscience,e5_valence,reviewed-full,"Emotional picture primes shifted unpleasantness, not intensity main effect; P2 change predicted it",dimensions
wall1979,Wall 1979,1979,1979,unknown,e1_gate,named-only,Not reviewed. Cited by vlaeyen2000 and leeuw2006 for short-term avoidance being adaptive,avoidance-drivers
bolles1980,Bolles & Fanselow 1980,1980,1980,unknown,e1_gate,named-only,Not reviewed. Perceptual-defensive-recuperative model; no reviewed paper cites it (Part F notes),avoidance-drivers
eccleston1999,Eccleston & Crombez 1999,1999,1999,clinical-psychology,e2_dimensions,named-only,Not reviewed. Cited for 'pain demands attention' and intense pain as itself threatening,avoidance-drivers
vlaeyen2000,Vlaeyen & Linton 2000,2000,2000,clinical-psychology,e2_dimensions,reviewed-short,Fear-avoidance state of the art: catastrophizing -> fear -> avoidance -> disability; evidence mostly correlational,avoidance-drivers
craig2003,Craig 2003,2003,2003,animal-circuits,e2_dimensions,reviewed-short,"Pain as homeostatic emotion: sensation in insula, motivational drive in ACC; primate-specific claim",dimensions;avoidance-drivers;cingulate-action
fields2006,Fields 2006,2006,2006,unknown,e2_dimensions,named-only,Not reviewed. Motivation-decision model as described by leknestracey2008 and seymour2019,avoidance-drivers;learning-signal
leeuw2006,Leeuw et al. 2006,2006,2007,clinical-psychology,e2_dimensions,reviewed-short,"Evidence audit: fear links supported, disuse weak, intensity matters more, causal claims untested",avoidance-drivers
vandamme2008,Van Damme et al. 2008,2008,2008,clinical-psychology,e3_badness,named-only,"Not reviewed. Motivational coping perspective cited by crombez2012, claes2015, becker2018",avoidance-drivers
hasenbring2010,Hasenbring & Verbunt 2010,2010,2010,clinical-psychology,e3_badness,named-only,Not reviewed. Fear-avoidance and endurance responses; cited by crombez2012,avoidance-drivers
vlaeyen2012,Vlaeyen & Linton 2012,2012,2012,clinical-psychology,e3_badness,named-only,Not reviewed. '12 years on' update to which vlaeyen2016 is anchored,avoidance-drivers
crombez2012,Crombez et al. 2012,2012,2012,clinical-psychology,e3_badness,reviewed-short,'Next generation': fear-avoidance recast as goal competition and futile problem-solving; intensity underplayed,avoidance-drivers
claes2015,Claes et al. 2015,2015,2015,clinical-psychology,e4_elaboration,reviewed-full,"Reward raised choice of a painful movement while fear, intensity and unpleasantness ratings stayed put",avoidance-drivers;unpleasantness-vs-avoidance
vlaeyen2016,Vlaeyen et al. 2016,2016,2016,clinical-psychology,e4_elaboration,reviewed-short,"One-page diagram: threat plus priority to pain control vs valued life goals, with learning panels",avoidance-drivers
johansen2001,Johansen et al. 2001,2001,2001,animal-circuits,e2_dimensions,reviewed-full,Rostral ACC lesions abolished formalin place avoidance; acute paw behaviours not reduced (rats),unpleasantness-vs-avoidance;cingulate-action
johansen2004,Johansen & Fields 2004,2004,2004,animal-circuits,e2_dimensions,reviewed-full,Rostral ACC glutamate activity necessary and sufficient for pain avoidance learning: 'aversive teaching signal',learning-signal;unpleasantness-vs-avoidance;cingulate-action
wiech2013,Wiech & Tracey 2013,2013,2013,human-neuroscience,e3_badness,reviewed-short,Review: pain and motivation shape each other in both directions; names RL tools as the next step,learning-signal;avoidance-drivers
wang2018,Wang et al. 2018,2018,2018,computational,e4_elaboration,reviewed-short,Pain avoidance fits planning/habit arbitration; pain-vs-reward difference provisional (N=15),learning-signal
becker2018,Becker et al. 2018,2018,2018,clinical-psychology,e4_elaboration,reviewed-short,"Translational review: chronic pain shifts reward, learning, goal regulation and avoidance",avoidance-drivers;unpleasantness-vs-avoidance
seymour2019,Seymour 2019,2019,2019,computational,e4_elaboration,reviewed-full,"Pain as a reinforcement and control signal in a controller hierarchy; behaviour, not report, as measure",learning-signal;avoidance-drivers;unpleasantness-vs-avoidance
corder2019,Corder et al. 2019,2019,2019,animal-circuits,e4_elaboration,reviewed-full,"Amygdala nociceptive ensemble needed for tending, escape and avoidance, not reflexes (mice)",unpleasantness-vs-avoidance
gandhi2021,Gandhi et al. 2022,2022,2022,human-neuroscience,e5_valence,reviewed-full,"Avoidance vigour fell after failure, more with migraine and helplessness; parietal (not PAG) activity tracked it",learning-signal;avoidance-drivers
jepma2022,Jepma et al. 2022,2022,2022,computational,e5_valence,reviewed-full,Faster learning from received than avoided pain; levodopa and naltrexone raised learning from avoided pain,learning-signal
lee2022,Lee et al. 2022,2022,2022,animal-circuits,e5_valence,reviewed-full,Mouse ACC->PAG activation raised reflex heat sensitivity and shock-zone distance together; necessity untested,cingulate-action;avoidance-drivers;unpleasantness-vs-avoidance
le2024,Le et al. 2024,2024,2024,computational,e5_valence,reviewed-short,Faster learning after avoided shock (opposite to jepma2022); avoidance parameters had cingulate correlates,learning-signal
vase2003,Vase et al. 2003,2003,2003,unknown,e2_dimensions,named-only,Not reviewed and not cited by the reviewed Part H papers; title names desire in placebo effects,unpleasantness-vs-avoidance
vase2005,Vase et al. 2005,2005,2005,unknown,e2_dimensions,named-only,Not reviewed and not cited by the reviewed Part H papers,none
lee2024,Lee et al. 2024,2024,2024,human-neuroscience,e5_valence,reviewed-full,Signed valence and unsigned affective intensity decoded from largely distinct voxels; no action measure,dimensions;unpleasantness-vs-avoidance
flury2025,Flury et al. 2025,2025,2026,clinical-psychology,e5_valence,reviewed-full,Reward improved pain avoidance without changing intensity or unpleasantness ratings; no differential claim,unpleasantness-vs-avoidance;dimensions
vogt1992,Vogt et al. 1992,1992,1992,human-neuroscience,e2_dimensions,named-only,Not reviewed. Cingulate functional heterogeneity; named in the Part I manifest only,cingulate-action
budell2010,Budell et al. 2010,2010,2010,human-neuroscience,e3_badness,named-only,Not reviewed. Observation-only precursor that budell2015 replicates and extends,cingulate-action
shackman2011,Shackman et al. 2011,2011,2011,human-neuroscience,e3_badness,reviewed-short,"Meta-analysis: negative affect, pain and cognitive control overlap in aMCC; adaptive control hypothesis",cingulate-action
perini2013,Perini et al. 2013,2013,2013,human-neuroscience,e3_badness,reviewed-full,Midcingulate responded to pain only with a button press; urge ratings did not dissociate from intensity,cingulate-action;unpleasantness-vs-avoidance
misra2014,Misra & Coombes 2015,2014,2015,human-neuroscience,e4_elaboration,reviewed-short,Grip-force control and pain overlap in aMCC within the same individuals,cingulate-action
procyk2014,Procyk et al. 2016,2014,2016,human-neuroscience,e4_elaboration,reviewed-short,"Reward-feedback activity sits in cingulate motor maps (humans, monkeys); pain only as a hypothesis",cingulate-action
budell2015,Budell et al. 2015,2015,2015,human-neuroscience,e4_elaboration,reviewed-short,"Observed pain faces: cingulate responses with attention to meaning, favouring affective meaning over mirroring",cingulate-action
tolomeo2016,Tolomeo et al. 2016,2016,2016,neurology-neurosurgery,e4_elaboration,reviewed-full,Cingulotomy lesion overlap predicted emotion-recognition and Stroop errors; pain not measured,cingulate-action
han2017,Han et al. 2017,2017,2017,human-neuroscience,e4_elaboration,reviewed-short,Watching others' pain raised instructed press force with observer unpleasantness; pressing damped responses,cingulate-action
perini2020,Perini et al. 2020,2020,2020,human-neuroscience,e5_valence,reviewed-full,"Low C-fibre mutation carriers: normal thresholds, weaker urge to withdraw; insula-MCC coupling tracked urge",cingulate-action;unpleasantness-vs-avoidance
koppel2022,Koppel et al. 2022,2022,2022,human-neuroscience,e5_valence,reviewed-full,"Cingulate/insula tracked predicted, not current, pain; action dependence only in exploratory tests",cingulate-action
gordon2023,Gordon et al. 2023,2023,2023,human-neuroscience,e5_valence,reviewed-short,Somato-cognitive action network in motor cortex; link to pain by citation only,cingulate-action
tumulty2009,Tumulty 2009,2009,2009,philosophy,e3_badness,named-only,Not reviewed. Manifest lists it as a critique of Klein 2007; no reviewed paper summarises it,valence-nature
klein2010,Klein 2010,2010,2010,philosophy,e3_badness,named-only,Not reviewed. Response to Tumulty 2009; listed among works Klein 2015 consolidates,valence-nature
kauppinen2021,Kauppinen 2021,2021,2021,philosophy,e5_valence,reviewed-full,Relational imperativism: indicative content plus background concern plus command; denies reflexive motivation,valence-nature;relief-seeking;asymbolia
barlassina_reflection,Barlassina c. 2020 (essay),2020,unknown,philosophy,e5_valence,reviewed-full,Short essay for reflexive imperativism citing rat salt liking/wanting dissociation; function of valence unexplained,valence-nature;relief-seeking;unpleasantness-vs-avoidance
mb2026,Martínez & Barlassina 2026,2026,2026,philosophy,e5_valence,reviewed-full,"Reply to Carruthers 2023: valence informs more about behaviour than world, so imperative (accepted 2023)",valence-nature;learning-signal
