key,batch,tier,doi,file_stem,status,note
putnam1967,A1,short,,Putnam 1967 - Psychological predicates (The nature of mental states),named-only,chapter; likely named-only
blockfodor1972,A1,full,10.2307/2183991,Block and Fodor 1972 - What psychological states are not,pdf,
fodor1974,A1,short,,Fodor 1974 - Special sciences or the disunity of science as a working hypothesis,pdf,"held PDF is the Synthese 28(2):97-115 journal article, not the RePresentations reprint"
block1978,A1,full,,Block 1978 - Troubles with functionalism,pdf,"author-revised anthology reprint (ch. 22, pp. 268-305), image-only scan; page cites differ from the Minnesota Studies original"
bechtelmundale1999,A1,full,10.1086/392683,Bechtel and Mundale 1999 - Multiple realizability revisited,named-only,
chalmers1994cfc,A2,full,10.17791/jcs.2011.12.4.325,Chalmers 2011 - A computational foundation for the study of cognition (author web version),pdf,written 1993; JCS 2011
chalmers1996rock,A2,full,10.1007/bf00413692,Chalmers 1996 - Does a rock implement every finite-state automaton,pdf,
maudlin1989,A2,full,10.2307/2026650,Maudlin 1989 - Computation and consciousness,named-only,
piccinini2010,A2,full,10.1111/j.1933-1592.2010.00356.x,Piccinini 2010 - The mind as neural software,pdf,
piccinini2013,A2,full,10.1111/cogs.12012,Piccinini and Bahar 2013 - Neural computation and the computational theory of cognition,pdf,
shagrir2006,A2,short,10.1007/s11229-006-9099-8,Shagrir 2006 - Why we view the brain as a computer,pdf,
sprevak2010,A2,short,10.1016/j.shpsa.2010.07.008,Sprevak 2010 - Computation individuation and the received view on representation,pdf,
mollo2018,A2,short,10.1007/s11229-017-1380-5,Coelho Mollo 2018 - Functional individuation mechanistic implementation,pdf,
searle1980,B,full,10.1017/s0140525x00005756,Searle 1980 - Minds brains and programs,pdf,full BBS treatment: target article plus 27 open peer commentaries (not reviewed) and Searle's Author's Response (reviewed)
searle1990,B,short,10.1038/scientificamerican0190-26,Searle 1990 - Is the brains mind a computer program,named-only,
chalmers1995qualia,B,full,,Chalmers 1995 - Absent qualia fading qualia dancing qualia (author web version),pdf,"author web version; the file's own header gives the venue as Conscious Experience (ed. Metzinger, 1995), not JCS; no pagination, cited by section"
cuda1985,B,full,10.1007/bf00372412,Cuda 1985 - Against neural chauvinism,pdf,
bostrom2003,B,short,10.1111/1467-9213.00309,Bostrom 2003 - Are we living in a computer simulation,pdf,substrate-independence assumption
schneider2019,B,short,10.1515/9780691197777,Schneider 2019 - Artificial you - AI and the future of your mind,named-only,book
seth2025,C,full,10.1017/s0140525x25000032,Seth 2025 - Conscious artificial intelligence and biological naturalism (preprint),pdf,target article only; no commentaries
godfreysmith2016,C,full,10.5840/jphil20161131034,Godfrey-Smith 2016 - Mind matter and metabolism,pdf,"author web version of the 2014 NYU talk; sections 1-4 became the Journal of Philosophy paper, section 5 a different chapter"
aru2023,C,full,10.1016/j.tins.2023.09.009,Aru et al. 2023 - The feasibility of artificial consciousness through the lens of neuroscience,pdf,arXiv preprint of the Trends in Neurosciences paper
cleeremans2022,C,full,10.1093/nc/niac007,Cleeremans and Tallon-Baudry 2022 - Consciousness matters,pdf,
seth2018beast,C,short,10.1016/j.tics.2018.08.008,Seth and Tsakiris 2018 - Being a beast machine,pdf,
thompson2007,C,short,,Thompson 2007 - Mind in life,named-only,"book; cited as a hub by Godfrey-Smith, Seth & Tsakiris and Seth 2025 - highest-value addition if the corpus is extended"
butlin2023,D,full,,Butlin et al. 2023 - Consciousness in artificial intelligence - Insights from the science of consciousness,pdf,arXiv 2308.08708
dehaene2017,D,full,10.1126/science.aan8871,Dehaene et al. 2017 - What is consciousness and could machines have it,pdf,
tononi2015,D,full,10.1098/rstb.2014.0167,Tononi and Koch 2015 - Consciousness here there and everywhere,pdf,
doerig2019,D,full,10.1016/j.concog.2019.04.002,Doerig et al. 2019 - The unfolding argument,pdf,
kleiner2021,D,short,10.1093/nc/niab001,Kleiner and Hoel 2021 - Falsification and consciousness,pdf,
albantakis2023,D,short,10.1371/journal.pcbi.1011465,Albantakis et al. 2023 - Integrated information theory 4.0,pdf,
graziano2017,D,short,10.3389/frobt.2017.00060,Graziano 2017 - The attention schema theory,pdf,
chalmers2023llm,E,full,,Chalmers 2023 - Could a large language model be conscious,pdf,"author web version of the published Boston Review text plus the July 2023 afterword, not the arXiv preprint"
long2024welfare,E,short,,Long et al. 2024 - Taking AI welfare seriously,pdf,arXiv 2411.00986
schwitzgebel2015,E,full,10.1111/misp.12032,Schwitzgebel and Garza 2015 - A defense of the rights of artificial intelligences,pdf,
birch2024,E,short,10.51291/2377-7478.1893,Birch 2025 - Precis of The edge of sentience,pdf,precis of the OA book in Animal Sentience; an earlier fetch saved the wrong OUP book and was discarded
milliere2024,E,short,,Milliere and Buckner 2024 - A philosophical introduction to language models part I,pdf,arXiv 2401.03910
mollo2023vector,E,full,10.33735/phimisci.2026.12307,Coelho Mollo and Milliere 2023 - The vector grounding problem,pdf,"published version, Philosophy and the Mind Sciences vol. 7 (2026); expanded beyond the 2023 preprint, incl. a reply to Grindrod 2024"
shevlin2021,E,short,10.1111/mila.12338,Shevlin 2021 - Non-human consciousness and the specificity problem,pdf,
